{
"Profiles": [
{
  "Close Sessions On End" : true,
  "Ansi 15 Color (Dark)" : {
    "Green Component" : 0.96549534797668457,
    "Red Component" : 0.96537256240844727,
    "Blue Component" : 0.9359474778175354
  },
  "Non-ASCII Anti Aliased" : true,
  "Cursor Text Color" : {
    "Green Component" : 0.77144092321395874,
    "Red Component" : 0.76960963010787964,
    "Blue Component" : 0.70993047952651978
  },
  "Smart Cursor Color" : false,
  "Prompt Before Closing 2" : false,
  "Ansi 3 Color (Dark)" : {
    "Green Component" : 0.51805692911148071,
    "Red Component" : 0.98094809055328369,
    "Blue Component" : 0.099807053804397583
  },
  "Ansi 12 Color (Dark)" : {
    "Green Component" : 0.39599207043647766,
    "Red Component" : 0.61468899250030518,
    "Blue Component" : 0.99877572059631348
  },
  "Mouse Reporting" : true,
  "Use Underline Color (Light)" : false,
  "Disable Window Resizing" : true,
  "BM Growl" : true,
  "Background Color (Dark)" : {
    "Green Component" : 0.10051288455724716,
    "Red Component" : 0.10051589459180832,
    "Blue Component" : 0.10051459074020386
  },
  "Guid" : "7567EFCC-6C2C-46A5-9B5C-3F700068034A",
  "Cursor Color (Dark)" : {
    "Green Component" : 0.96674919128417969,
    "Red Component" : 0.96554505825042725,
    "Blue Component" : 0.92647796869277954
  },
  "Selection Color (Dark)" : {
    "Green Component" : 0.15055866539478302,
    "Red Component" : 0.15056318044662476,
    "Blue Component" : 0.15056122839450836
  },
  "Scrollback Lines" : 1000,
  "Badge Color (Dark)" : {
    "Red Component" : 0.92929404973983765,
    "Color Space" : "P3",
    "Blue Component" : 0.13960540294647217,
    "Alpha Component" : 0.5,
    "Green Component" : 0.25479039549827576
  },
  "Faint Text Alpha" : 0.5,
  "Ansi 0 Color (Dark)" : {
    "Green Component" : 0.10051288455724716,
    "Red Component" : 0.10051589459180832,
    "Blue Component" : 0.10051459074020386
  },
  "Transparency" : 0,
  "Use Bright Bold" : true,
  "Horizontal Spacing" : 1,
  "Ansi 13 Color (Light)" : {
    "Green Component" : 0,
    "Red Component" : 0.95683503150939941,
    "Blue Component" : 0.3728577196598053
  },
  "Blur" : false,
  "Ansi 13 Color" : {
    "Green Component" : 0,
    "Red Component" : 0.95683503150939941,
    "Blue Component" : 0.3728577196598053
  },
  "Ansi 2 Color (Dark)" : {
    "Green Component" : 0.87921047210693359,
    "Red Component" : 0.59473341703414917,
    "Blue Component" : 0.14004382491111755
  },
  "Cursor Color" : {
    "Green Component" : 0.96674919128417969,
    "Red Component" : 0.96554505825042725,
    "Blue Component" : 0.92647796869277954
  },
  "Use Cursor Guide (Light)" : false,
  "Option Key Sends" : 0,
  "Idle Code" : 0,
  "Ansi 13 Color (Dark)" : {
    "Green Component" : 0,
    "Red Component" : 0.95683503150939941,
    "Blue Component" : 0.3728577196598053
  },
  "Send Code When Idle" : false,
  "Selection Color" : {
    "Green Component" : 0.15055866539478302,
    "Red Component" : 0.15056318044662476,
    "Blue Component" : 0.15056122839450836
  },
  "Terminal Type" : "xterm-256color",
  "Cursor Boost (Dark)" : 0,
  "Right Option Key Sends" : 0,
  "Background Color" : {
    "Green Component" : 0.10051288455724716,
    "Red Component" : 0.10051589459180832,
    "Blue Component" : 0.10051459074020386
  },
  "Ansi 10 Color (Dark)" : {
    "Green Component" : 0.87921047210693359,
    "Red Component" : 0.59473341703414917,
    "Blue Component" : 0.14004382491111755
  },
  "Ansi 10 Color" : {
    "Green Component" : 0.87921047210693359,
    "Red Component" : 0.59473341703414917,
    "Blue Component" : 0.14004382491111755
  },
  "Vertical Spacing" : 1.1000000000000001,
  "Use Tab Color (Light)" : false,
  "Columns" : 80,
  "Ansi 2 Color (Light)" : {
    "Green Component" : 0.87921047210693359,
    "Red Component" : 0.59473341703414917,
    "Blue Component" : 0.14004382491111755
  },
  "Screen" : -1,
  "Cursor Text Color (Dark)" : {
    "Green Component" : 0.77144092321395874,
    "Red Component" : 0.76960963010787964,
    "Blue Component" : 0.70993047952651978
  },
  "Description" : "Default",
  "Unlimited Scrollback" : false,
  "Use Italic Font" : true,
  "Working Directory" : "\/Users\/ryo_mitsuda",
  "Selected Text Color (Dark)" : {
    "Green Component" : 0.91275316476821899,
    "Red Component" : 0.91186439990997314,
    "Blue Component" : 0.88294440507888794
  },
  "Use Cursor Guide (Dark)" : false,
  "Visual Bell" : true,
  "Link Color (Light)" : {
    "Red Component" : 0.14513972401618958,
    "Color Space" : "P3",
    "Blue Component" : 0.7093239426612854,
    "Alpha Component" : 1,
    "Green Component" : 0.35333043336868286
  },
  "Ansi 1 Color (Dark)" : {
    "Green Component" : 0,
    "Red Component" : 0.95683503150939941,
    "Blue Component" : 0.3728577196598053
  },
  "Default Bookmark" : "No",
  "Ansi 14 Color (Light)" : {
    "Green Component" : 0.81977206468582153,
    "Red Component" : 0.34416967630386353,
    "Blue Component" : 0.92060363292694092
  },
  "Ansi 7 Color (Light)" : {
    "Green Component" : 0.77144092321395874,
    "Red Component" : 0.76960963010787964,
    "Blue Component" : 0.70993047952651978
  },
  "Ansi 3 Color (Light)" : {
    "Green Component" : 0.51805692911148071,
    "Red Component" : 0.98094809055328369,
    "Blue Component" : 0.099807053804397583
  },
  "Ansi 9 Color (Dark)" : {
    "Green Component" : 0,
    "Red Component" : 0.95683503150939941,
    "Blue Component" : 0.3728577196598053
  },
  "Badge Color (Light)" : {
    "Red Component" : 0.92929404973983765,
    "Color Space" : "P3",
    "Blue Component" : 0.13960540294647217,
    "Alpha Component" : 0.5,
    "Green Component" : 0.25479039549827576
  },
  "Ansi 14 Color (Dark)" : {
    "Green Component" : 0.81977206468582153,
    "Red Component" : 0.34416967630386353,
    "Blue Component" : 0.92060363292694092
  },
  "Tags" : [

  ],
  "Link Color (Dark)" : {
    "Red Component" : 0.14513972401618958,
    "Color Space" : "P3",
    "Blue Component" : 0.7093239426612854,
    "Alpha Component" : 1,
    "Green Component" : 0.35333043336868286
  },
  "Custom Command" : "No",
  "Jobs to Ignore" : [
    "rlogin",
    "ssh",
    "slogin",
    "telnet"
  ],
  "Use Non-ASCII Font" : false,
  "Custom Directory" : "No",
  "Use Selected Text Color (Light)" : true,
  "Bold Color (Light)" : {
    "Green Component" : 1,
    "Red Component" : 0.99563592672348022,
    "Blue Component" : 0.92377042770385742
  },
  "Brighten Bold Text (Dark)" : true,
  "Ansi 8 Color (Light)" : {
    "Green Component" : 0.36959609389305115,
    "Red Component" : 0.3829454779624939,
    "Blue Component" : 0.29652142524719238
  },
  "Name" : "Default",
  "Ansi 11 Color (Dark)" : {
    "Green Component" : 0.83635991811752319,
    "Red Component" : 0.87748134136199951,
    "Blue Component" : 0.38154411315917969
  },
  "Ansi 14 Color" : {
    "Green Component" : 0.81977206468582153,
    "Red Component" : 0.34416967630386353,
    "Blue Component" : 0.92060363292694092
  },
  "Faint Text Alpha (Dark)" : 0.5,
  "Rows" : 25,
  "Background Color (Light)" : {
    "Green Component" : 0.10051288455724716,
    "Red Component" : 0.10051589459180832,
    "Blue Component" : 0.10051459074020386
  },
  "Cursor Guide Color (Light)" : {
    "Red Component" : 0.74862593412399292,
    "Color Space" : "P3",
    "Blue Component" : 0.99125725030899048,
    "Alpha Component" : 0.25,
    "Green Component" : 0.92047786712646484
  },
  "Use Selected Text Color" : true,
  "Ansi 6 Color (Dark)" : {
    "Green Component" : 0.80086809396743774,
    "Red Component" : 0.33280256390571594,
    "Blue Component" : 0.90124481916427612
  },
  "Use Tab Color" : false,
  "Use Bright Bold (Light)" : true,
  "Blink Allowed" : false,
  "Cursor Color (Light)" : {
    "Green Component" : 0.96674919128417969,
    "Red Component" : 0.96554505825042725,
    "Blue Component" : 0.92647796869277954
  },
  "Ansi 15 Color (Light)" : {
    "Green Component" : 0.96549534797668457,